[
    {
        "model": "book.book",
        "pk": 1,
        "fields": {
            "title": "To Kill a Mockingbird",
            "author": "Harper Lee",
            "cover": "hard",
            "inventory": 5,
            "daily_fee": "2.99"
        }
    },
    {
        "model": "book.book",
        "pk": 2,
        "fields": {
            "title": "1984",
            "author": "George Orwell",
            "cover": "soft",
            "inventory": 8,
            "daily_fee": "3.49"
        }
    },
    {
        "model": "book.book",
        "pk": 3,
        "fields": {
            "title": "The Great Gatsby",
            "author": "F. Scott Fitzgerald",
            "cover": "hard",
            "inventory": 7,
            "daily_fee": "2.79"
        }
    },
    {
        "model": "book.book",
        "pk": 4,
        "fields": {
            "title": "Pride and Prejudice",
            "author": "Jane Austen",
            "cover": "soft",
            "inventory": 6,
            "daily_fee": "2.49"
        }
    },
    {
        "model": "book.book",
        "pk": 5,
        "fields": {
            "title": "The Catcher in the Rye",
            "author": "J.D. Salinger",
            "cover": "hard",
            "inventory": 4,
            "daily_fee": "3.99"
        }
    },
    {
        "model": "book.book",
        "pk": 6,
        "fields": {
            "title": "To the Lighthouse",
            "author": "Virginia Woolf",
            "cover": "soft",
            "inventory": 3,
            "daily_fee": "2.59"
        }
    },
    {
        "model": "book.book",
        "pk": 7,
        "fields": {
            "title": "Moby-Dick",
            "author": "Herman Melville",
            "cover": "hard",
            "inventory": 2,
            "daily_fee": "4.99"
        }
    },
    {
        "model": "book.book",
        "pk": 8,
        "fields": {
            "title": "The Hobbit",
            "author": "J.R.R. Tolkien",
            "cover": "soft",
            "inventory": 5,
            "daily_fee": "3.29"
        }
    },
    {
        "model": "book.book",
        "pk": 9,
        "fields": {
            "title": "The Shining",
            "author": "Stephen King",
            "cover": "hard",
            "inventory": 9,
            "daily_fee": "4.49"
        }
    },
    {
        "model": "book.book",
        "pk": 10,
        "fields": {
            "title": "Brave New World",
            "author": "Aldous Huxley",
            "cover": "soft",
            "inventory": 6,
            "daily_fee": "3.79"
        }
    },
      {
        "model": "user.user",
        "pk": 1,
        "fields": {
            "password": "pbkdf2_sha256$320000$oZqdjfUqKC500V7kk3kMmb$TBVlOMhfJxWrxbUnNpWZK0+rYM242g7do/YM5tkhn+M=",
            "last_login": null,
            "is_superuser": true,
            "first_name": "Admin",
            "last_name": "User",
            "email": "admin@admin.com",
            "is_staff": true,
            "is_active": true,
            "date_joined": "2022-08-09T09:06:18.876Z",
            "groups": [],
            "user_permissions": []
        }
    },
    {
        "model": "user.user",
        "pk": 2,
        "fields": {
            "password": "pbkdf2_sha256$320000$oZqdjfUqKC500V7kk3kMmb$TBVlOMhfJxWrxbUnNpWZK0+rYM242g7do/YM5tkhn+M=",
            "last_login": null,
            "is_superuser": false,
            "first_name": "John",
            "last_name": "Doe",
            "email": "john.doe@example.com",
            "is_staff": false,
            "is_active": true,
            "date_joined": "2022-09-15T14:21:37.123Z",
            "groups": [],
            "user_permissions": []
        }
    },
    {
        "model": "user.user",
        "pk": 3,
        "fields": {
            "password": "pbkdf2_sha256$320000$oZqdjfUqKC500V7kk3kMmb$TBVlOMhfJxWrxbUnNpWZK0+rYM242g7do/YM5tkhn+M=",
            "last_login": null,
            "is_superuser": false,
            "first_name": "Alice",
            "last_name": "Smith",
            "email": "alice.smith@example.com",
            "is_staff": true,
            "is_active": true,
            "date_joined": "2022-10-21T18:45:09.456Z",
            "groups": [],
            "user_permissions": []
        }
    },
    {
        "model": "user.user",
        "pk": 4,
        "fields": {
            "password": "pbkdf2_sha256$320000$oZqdjfUqKC500V7kk3kMmb$TBVlOMhfJxWrxbUnNpWZK0+rYM242g7do/YM5tkhn+M=",
            "last_login": null,
            "is_superuser": false,
            "first_name": "Emily",
            "last_name": "Johnson",
            "email": "emily.johnson@example.com",
            "is_staff": false,
            "is_active": true,
            "date_joined": "2022-11-18T22:12:54.789Z",
            "groups": [],
            "user_permissions": []
        }
    },
    {
        "model": "user.user",
        "pk": 5,
        "fields": {
            "password": "pbkdf2_sha256$320000$oZqdjfUqKC500V7kk3kMmb$TBVlOMhfJxWrxbUnNpWZK0+rYM242g7do/YM5tkhn+M=",
            "last_login": null,
            "is_superuser": false,
            "first_name": "David",
            "last_name": "Brown",
            "email": "david.brown@example.com",
            "is_staff": true,
            "is_active": true,
            "date_joined": "2022-12-25T10:30:42.321Z",
            "groups": [],
            "user_permissions": []
        }
    },
    {
        "model": "user.user",
        "pk": 6,
        "fields": {
            "password": "pbkdf2_sha256$320000$oZqdjfUqKC500V7kk3kMmb$TBVlOMhfJxWrxbUnNpWZK0+rYM242g7do/YM5tkhn+M=",
            "last_login": null,
            "is_superuser": false,
            "first_name": "Sarah",
            "last_name": "Wilson",
            "email": "sarah.wilson@example.com",
            "is_staff": false,
            "is_active": true,
            "date_joined": "2023-01-03T08:15:30.654Z",
            "groups": [],
            "user_permissions": []
        }
    },
    {
        "model": "user.user",
        "pk": 7,
        "fields": {
            "password": "pbkdf2_sha256$320000$oZqdjfUqKC500V7kk3kMmb$TBVlOMhfJxWrxbUnNpWZK0+rYM242g7do/YM5tkhn+M=",
            "last_login": null,
            "is_superuser": false,
            "first_name": "Michael",
            "last_name": "Anderson",
            "email": "michael.anderson@example.com",
            "is_staff": true,
            "is_active": true,
            "date_joined": "2023-02-12T16:42:15.987Z",
            "groups": [],
            "user_permissions": []
        }
    },
    {
        "model": "user.user",
        "pk": 8,
        "fields": {
            "password": "pbkdf2_sha256$320000$oZqdjfUqKC500V7kk3kMmb$TBVlOMhfJxWrxbUnNpWZK0+rYM242g7do/YM5tkhn+M=",
            "last_login": null,
            "is_superuser": false,
            "first_name": "Laura",
            "last_name": "Martin",
            "email": "laura.martin@example.com",
            "is_staff": false,
            "is_active": true,
            "date_joined": "2023-03-20T11:28:49.123Z",
            "groups": [],
            "user_permissions": []
        }
    },
    {
        "model": "user.user",
        "pk": 9,
        "fields": {
            "password": "pbkdf2_sha256$320000$oZqdjfUqKC500V7kk3kMmb$TBVlOMhfJxWrxbUnNpWZK0+rYM242g7do/YM5tkhn+M=",
            "last_login": null,
            "is_superuser": false,
            "first_name": "Sophia",
            "last_name": "Jones",
            "email": "sophia.jones@example.com",
            "is_staff": true,
            "is_active": true,
            "date_joined": "2023-04-25T19:04:37.456Z",
            "groups": [],
            "user_permissions": []
        }
    },
    {
        "model": "user.user",
        "pk": 10,
        "fields": {
            "password": "pbkdf2_sha256$320000$oZqdjfUqKC500V7kk3kMmb$TBVlOMhfJxWrxbUnNpWZK0+rYM242g7do/YM5tkhn+M=",
            "last_login": null,
            "is_superuser": false,
            "first_name": "Daniel",
            "last_name": "Taylor",
            "email": "daniel.taylor@example.com",
            "is_staff": false,
            "is_active": true,
            "date_joined": "2023-05-30T22:50:22.789Z",
            "groups": [],
            "user_permissions": []
        }
    },
       {
        "model": "user.user",
        "pk": 11,
        "fields": {
            "password": "pbkdf2_sha256$320000$oZqdjfUqKC500V7kk3kMmb$TBVlOMhfJxWrxbUnNpWZK0+rYM242g7do/YM5tkhn+M=",
            "last_login": null,
            "is_superuser": false,
            "first_name": "Daniel",
            "last_name": "Taylor",
            "email": "user_borrowing@user.com",
            "is_staff": false,
            "is_active": true,
            "date_joined": "2023-05-30T22:50:22.789Z",
            "groups": [],
            "user_permissions": []
        }
    },


     {
        "model": "borrowing.borrowing",
        "pk": 1,
        "fields": {
            "borrow_date": "2023-06-01",
            "expected_return_date": "2023-06-15",
            "actual_return_date": null,
            "book": 1,
            "user": 2
        }
    },
    {
        "model": "borrowing.borrowing",
        "pk": 2,
        "fields": {
            "borrow_date": "2023-07-05",
            "expected_return_date": "2023-07-20",
            "actual_return_date": null,
            "book": 3,
            "user": 4
        }
    },
    {
        "model": "borrowing.borrowing",
        "pk": 3,
        "fields": {
            "borrow_date": "2023-08-12",
            "expected_return_date": "2023-08-26",
            "actual_return_date": null,
            "book": 5,
            "user": 6
        }
    },
    {
        "model": "borrowing.borrowing",
        "pk": 4,
        "fields": {
            "borrow_date": "2023-09-18",
            "expected_return_date": "2023-10-03",
            "actual_return_date": null,
            "book": 7,
            "user": 8
        }
    },
    {
        "model": "borrowing.borrowing",
        "pk": 5,
        "fields": {
            "borrow_date": "2023-10-10",
            "expected_return_date": "2023-10-24",
            "actual_return_date": null,
            "book": 9,
            "user": 10
        }
    },
    {
        "model": "borrowing.borrowing",
        "pk": 6,
        "fields": {
            "borrow_date": "2023-11-05",
            "expected_return_date": "2023-11-19",
            "actual_return_date": null,
            "book": 2,
            "user": 3
        }
    },
    {
        "model": "borrowing.borrowing",
        "pk": 7,
        "fields": {
            "borrow_date": "2023-12-02",
            "expected_return_date": "2023-12-16",
            "actual_return_date": null,
            "book": 4,
            "user": 5
        }
    },
    {
        "model": "borrowing.borrowing",
        "pk": 8,
        "fields": {
            "borrow_date": "2024-01-07",
            "expected_return_date": "2024-01-21",
            "actual_return_date": null,
            "book": 6,
            "user": 7
        }
    },
    {
        "model": "borrowing.borrowing",
        "pk": 9,
        "fields": {
            "borrow_date": "2024-02-12",
            "expected_return_date": "2024-02-26",
            "actual_return_date": null,
            "book": 8,
            "user": 9
        }
    },
    {
        "model": "borrowing.borrowing",
        "pk": 10,
        "fields": {
            "borrow_date": "2024-03-18",
            "expected_return_date": "2024-04-01",
            "actual_return_date": null,
            "book": 10,
            "user": 1
        }
    },
    {
        "model": "borrowing.borrowing",
        "pk": 11,
        "fields": {
            "borrow_date": "2024-03-18",
            "expected_return_date": "2024-04-01",
            "actual_return_date": "2024-05-15",
            "book": 10,
            "user": 11
        }
    },
    {
        "model": "payment.payment",
        "pk": 1,
        "fields": {
            "status": 1,
            "type": 0,
            "borrowing": 1,
            "session_url": "https://example.com/payment/1",
            "session_id": "payment_1",
            "money_to_pay": "5.99"
        }
    },
    {
        "model": "payment.payment",
        "pk": 2,
        "fields": {
            "status": 0,
            "type": 1,
            "borrowing": 2,
            "session_url": "https://example.com/payment/2",
            "session_id": "payment_2",
            "money_to_pay": "10.00"
        }
    },
    {
        "model": "payment.payment",
        "pk": 3,
        "fields": {
            "status": 1,
            "type": 0,
            "borrowing": 3,
            "session_url": "https://example.com/payment/3",
            "session_id": "payment_3",
            "money_to_pay": "7.50"
        }
    },
    {
        "model": "payment.payment",
        "pk": 4,
        "fields": {
            "status": 0,
            "type": 1,
            "borrowing": 4,
            "session_url": "https://example.com/payment/4",
            "session_id": "payment_4",
            "money_to_pay": "12.00"
        }
    },
    {
        "model": "payment.payment",
        "pk": 5,
        "fields": {
            "status": 1,
            "type": 0,
            "borrowing": 5,
            "session_url": "https://example.com/payment/5",
            "session_id": "payment_5",
            "money_to_pay": "6.75"
        }
    },
    {
        "model": "payment.payment",
        "pk": 6,
        "fields": {
            "status": 0,
            "type": 1,
            "borrowing": 6,
            "session_url": "https://example.com/payment/6",
            "session_id": "payment_6",
            "money_to_pay": "14.50"
        }
    },
    {
        "model": "payment.payment",
        "pk": 7,
        "fields": {
            "status": 1,
            "type": 0,
            "borrowing": 7,
            "session_url": "https://example.com/payment/7",
            "session_id": "payment_7",
            "money_to_pay": "9.25"
        }
    },
    {
        "model": "payment.payment",
        "pk": 8,
        "fields": {
            "status": 0,
            "type": 1,
            "borrowing": 8,
            "session_url": "https://example.com/payment/8",
            "session_id": "payment_8",
            "money_to_pay": "15.00"
        }
    },
    {
        "model": "payment.payment",
        "pk": 9,
        "fields": {
            "status": 1,
            "type": 0,
            "borrowing": 9,
            "session_url": "https://example.com/payment/9",
            "session_id": "payment_9",
            "money_to_pay": "8.00"
        }
    },
    {
        "model": "payment.payment",
        "pk": 10,
        "fields": {
            "status": 0,
            "type": 1,
            "borrowing": 10,
            "session_url": "https://example.com/payment/10",
            "session_id": "payment_10",
            "money_to_pay": "13.75"
        }
    }
]
